,City,Cloudiness,Country,Date,Humidity,Lat,Lng,Max Temp,Wind Speed
0,Plettenberg Bay,39,ZA,1574159103,58,-34.05,23.37,65.17,14.07
1,Natal,75,BR,1574159031,69,-5.81,-35.21,80.6,10.29
2,Lebu,40,ET,1574159103,43,8.96,38.73,71.6,11.41
3,Weston,90,US,1574159103,90,41.2,-73.38,43.0,6.51
4,Kavaratti,100,IN,1574159103,66,10.57,72.64,83.8,3.31
5,Jamestown,94,AU,1574159103,13,-33.21,138.6,85.96,4.52
6,Codrington,0,AU,1574159103,69,-28.95,153.24,75.2,12.75
7,Bredasdorp,35,ZA,1574159103,35,-34.53,20.04,73.4,11.41
8,Bell Ville,100,AR,1574159103,90,-32.63,-62.69,66.99,1.01
9,Lethem,0,GY,1574159103,83,3.38,-59.8,75.45,7.92
10,Vieste,75,IT,1574159103,62,41.88,16.18,63.0,11.41
11,Torbay,90,CA,1574159103,93,47.66,-52.73,39.0,21.92
12,Littleton,75,US,1574158923,56,39.61,-105.02,44.01,5.82
13,Beamsville,90,CA,1574159097,100,43.17,-79.48,37.0,5.82
14,Cape Town,20,ZA,1574159048,42,-33.93,18.42,69.01,16.11
15,Umarkot,77,PK,1574159103,27,25.37,69.74,84.47,1.52
16,Ravar,86,IR,1574159103,29,31.27,56.81,62.92,6.8
17,Zharkent,58,KZ,1574159103,31,44.17,80.0,50.63,7.47
18,Mar del Plata,100,AR,1574159103,46,-46.43,-67.52,59.47,21.41
19,Iracemapolis,0,BR,1574159104,77,-22.58,-47.52,68.0,13.87
20,Migori,24,KE,1574159104,66,-1.07,34.47,76.75,3.02
21,Rio Grande,0,BR,1574158810,87,-32.03,-52.1,71.01,11.1
22,Constitucion,67,MX,1574159104,85,23.99,-104.67,53.01,8.99
23,Sindou,21,BF,1574159104,27,10.66,-5.16,83.8,4.21
24,Xuddur,100,SO,1574159104,56,4.12,43.89,86.02,16.33
25,Quatre Cocos,40,MU,1574159104,70,-20.21,57.76,84.2,8.05
26,Victoria,75,BN,1574159043,79,5.28,115.24,84.2,9.64
27,Ancud,90,CL,1574159104,100,-41.87,-73.83,50.0,12.75
28,Banikoara,0,BJ,1574159104,20,11.3,2.44,92.98,1.63
29,Bejar,100,AL,1574159104,70,40.49,19.83,54.84,7.61
30,General Pico,2,AR,1574159104,44,-35.66,-63.75,58.57,7.83
31,Chiredzi,75,ZW,1574159104,58,-21.05,31.67,87.8,8.05
32,Aguimes,75,ES,1574159104,60,27.91,-15.45,71.6,14.99
33,Urla,0,TR,1574159104,49,38.32,26.77,69.8,3.36
34,Gilbues,56,BR,1574159105,86,-9.83,-45.34,71.94,2.82
35,Saquarema,90,BR,1574159105,94,-22.93,-42.51,71.6,10.29
36,Georgetown,75,GY,1574159105,94,6.8,-58.16,77.0,2.24
37,Ceuta,97,MX,1574159105,87,23.9,-106.93,72.0,3.29
38,Clarence Town,40,AU,1574159105,25,-32.59,151.78,77.0,8.05
39,Veraval,90,FR,1574159105,75,49.65,0.71,46.0,9.17
40,Mahebourg,40,MU,1574159105,70,-20.41,57.7,84.2,8.05
41,Guider,99,CM,1574159105,28,9.93,13.94,95.0,1.12
42,Wells,40,GB,1574159038,86,51.21,-2.64,46.0,6.93
43,Vila Franca do Campo,20,PT,1574159105,67,37.72,-25.43,59.0,6.93
44,Camacha,40,PT,1574159105,77,33.08,-16.33,68.0,4.7
45,Garowe,18,SO,1574159105,52,8.41,48.48,85.3,12.19
46,Carutapera,0,BR,1574159105,79,-1.2,-46.02,81.19,9.37
47,Antofagasta,75,CL,1574159036,72,-23.65,-70.4,64.4,6.93
48,Saint-Joseph,90,FR,1574159105,87,43.56,6.97,53.01,4.92
49,Presevo,75,RS,1574159105,76,42.31,21.65,59.0,6.62
50,Ribeira Grande,40,PT,1574159105,67,38.52,-28.7,60.8,4.7
51,Misratah,0,LY,1574159091,69,32.38,15.09,66.92,5.91
52,Praia,100,BR,1574159105,88,-20.25,-43.81,68.0,1.77
53,Saint-Philippe,90,CA,1574159106,80,45.36,-73.48,30.99,5.82
54,Eyl,88,SO,1574159106,80,7.98,49.82,80.8,15.75
55,Caravelas,29,BR,1574159106,91,-17.73,-39.27,73.09,2.3
56,Abu Samrah,0,SY,1574159106,16,35.3,37.18,63.03,4.85
57,Beitbridge,71,ZA,1574159106,52,-22.21,29.99,84.81,3.38
58,Diu,77,IN,1574159106,62,20.71,70.98,81.66,13.27
59,Takoradi,20,GH,1574159057,76,4.89,-1.75,82.99,1.25
60,Adrar,0,DZ,1574159106,32,27.87,-0.29,53.6,11.41
61,Saint George,40,GR,1574159106,68,39.45,22.34,68.0,1.86
62,Kuytun,28,RU,1574159106,90,54.34,101.51,6.55,5.66
63,Sao Joao da Barra,90,BR,1574159106,100,-21.64,-41.05,73.4,13.24
64,Matara,100,BI,1574159106,76,-3.48,29.48,69.98,3.09
65,Aswan,0,EG,1574159094,30,24.09,32.9,81.54,9.24
66,Piacabucu,75,BR,1574159106,73,-10.41,-36.43,77.95,9.31
67,Boa Vista,32,BR,1574158997,88,2.82,-60.67,77.0,2.24
68,Cumra,75,TR,1574159106,100,37.57,32.77,39.2,2.24
69,Soritor,96,PE,1574159106,99,-6.14,-77.1,61.84,0.94
70,Takaungu,75,KE,1574159107,62,-3.68,39.86,87.8,5.82
71,Neuquen,87,AR,1574159107,81,-38.95,-68.06,53.6,3.98
72,Dondo,40,MZ,1574159107,55,-19.62,34.74,89.6,19.46
73,Sur,0,OM,1574159107,53,22.57,59.53,79.43,7.63
74,Barra do Garcas,100,BR,1574159107,94,-15.89,-52.26,69.3,1.01
75,Yokadouma,100,CM,1574159107,47,3.52,15.05,86.59,2.53
76,Bahia Blanca,0,AR,1574159047,39,-38.72,-62.27,57.16,12.33
77,Xai-Xai,63,MZ,1574159107,46,-25.04,33.64,93.47,9.06
78,Sambava,51,MG,1574159107,43,-14.27,50.17,91.81,6.69
79,Mazagao,75,BR,1574159107,100,-0.12,-51.29,77.0,3.36
80,Anzio,40,IT,1574159054,72,41.45,12.63,63.0,12.75
81,Seminole,1,US,1574159107,46,32.72,-102.64,41.0,3.36
82,Hillcrest Heights,90,US,1574159107,100,38.83,-76.96,46.0,5.82
83,Ambagarh Chauki,0,IN,1574159107,34,20.78,80.75,83.62,4.59
84,Humaita,20,AR,1574159107,82,-24.93,-65.37,68.0,1.28
85,Yerkoy,0,TR,1574159107,30,39.64,34.47,55.22,2.21
86,Souillac,0,FR,1574159107,93,45.6,-0.6,46.0,4.61
87,Hermanus,98,ZA,1574159107,64,-34.42,19.24,69.01,7.0
88,Buchanan,100,LR,1574159108,81,5.88,-10.05,81.5,1.77
89,Balao,99,EC,1574159108,87,-2.91,-79.82,72.18,7.29
90,Zhanaozen,51,KZ,1574159108,34,43.35,52.85,46.71,3.87
91,Huarmey,56,PE,1574159108,91,-10.07,-78.15,56.62,0.38
92,Sabha,32,LY,1574158936,26,27.03,14.43,72.39,16.51
93,Hithadhoo,5,MV,1574159108,77,-0.6,73.08,82.63,14.12
94,Hambantota,75,LK,1574159108,94,6.12,81.12,84.2,5.82
95,Nador,20,MA,1574159108,55,35.17,-2.93,60.8,8.05
96,Oriximina,87,BR,1574159108,92,-1.77,-55.87,74.37,1.63
97,Saldanha,100,PT,1574159108,79,41.42,-6.55,40.3,1.45
98,Watertown,1,US,1574159108,88,44.9,-97.12,35.01,9.17
99,Abaete,98,BR,1574159080,85,-19.16,-45.45,70.65,1.03
100,Arraial do Cabo,90,BR,1574159108,94,-22.97,-42.02,71.6,10.29
101,Luderitz,5,NA,1574159108,40,-26.65,15.16,73.4,11.41
102,Luanda,75,AO,1574159108,70,-8.83,13.24,84.2,8.05
103,Jaguey Grande,20,CU,1574159108,93,22.53,-81.13,60.8,5.82
104,San Andres,13,PH,1574159108,81,13.32,122.68,79.18,3.74
105,Bama,44,CN,1574159108,64,24.14,107.25,61.47,2.89
106,Goderich,100,CA,1574159108,93,43.74,-81.71,35.01,5.01
107,Salinopolis,24,BR,1574159108,81,-0.61,-47.36,81.45,11.23
108,Mantua,75,IT,1574159109,87,45.16,10.79,54.0,8.05
109,Port-Gentil,40,GA,1574159109,74,-0.72,8.78,86.0,11.41
110,Turbat,10,PK,1574159109,8,26.0,63.05,86.54,4.38
111,Sinnamary,32,GF,1574159109,80,5.38,-52.96,82.13,16.71
112,Vila Velha,75,BR,1574159109,78,-3.71,-38.6,86.0,18.34
113,Limulunga,6,ZM,1574159109,47,-15.13,23.15,86.88,10.33
114,Ormara,0,PK,1574159109,26,25.21,64.64,79.41,4.14
115,Itarema,87,BR,1574159109,79,-2.92,-39.92,77.86,5.21
116,Koulamoutou,21,GA,1574159109,56,-1.13,12.47,89.2,0.43
117,Gaya,20,IN,1574158995,30,24.8,85.01,82.4,9.17
118,Vasudevanallur,77,IN,1574159109,52,9.24,77.41,87.91,6.44
119,Serowe,100,BW,1574159109,69,-22.4,26.7,71.49,7.52
120,Jacareacanga,45,BR,1574159109,99,-6.22,-57.76,70.27,1.41
121,Ravenna,75,IT,1574159109,87,44.42,12.2,59.0,5.97
122,Sharjah,20,AE,1574158859,61,25.36,55.39,86.0,18.34
123,Grand-Lahou,0,CI,1574159109,74,5.24,-5.0,83.52,8.14
124,Cecina,75,IT,1574159109,87,43.31,10.52,59.0,18.34
125,Khash,100,IR,1574159109,20,28.22,61.21,68.79,8.61
126,Joshimath,9,IN,1574159110,15,30.57,79.57,55.49,6.93
127,Castro,90,CL,1574159110,100,-42.48,-73.76,50.0,12.75
128,Arlit,27,NE,1574159110,11,18.74,7.39,87.91,3.18
129,Sao Filipe,87,CV,1574159110,79,14.9,-24.5,73.22,18.23
130,Taoudenni,100,ML,1574159110,10,22.68,-3.98,64.96,5.61
131,Ponta do Sol,100,BR,1574159110,94,-20.63,-46.0,66.13,4.54
132,Johnstown,1,US,1574159110,92,40.33,-78.92,35.01,8.05
133,Manali,94,IN,1574159110,25,32.25,77.19,55.44,5.5
134,Moba,93,CD,1574159110,69,-7.04,29.77,77.38,5.12
135,Lixourion,75,GR,1574159110,88,38.2,20.43,73.0,14.99
136,Cayenne,7,GF,1574159110,83,4.94,-52.33,80.6,2.24
137,Letlhakane,67,BW,1574159110,34,-21.42,25.59,89.85,11.48
138,Macieira de Cambra,75,PT,1574159110,100,40.86,-8.34,46.4,9.17
139,Mahenge,39,TZ,1574159110,31,-8.68,36.72,97.12,6.93
140,Segou,59,SN,1574159110,40,12.41,-12.29,86.0,6.93
141,Axim,16,GH,1574159111,71,4.87,-2.24,84.58,3.09
142,Lugo,100,ES,1574159093,98,43.01,-7.56,48.99,3.0
143,Alta Floresta,100,BR,1574159111,97,-9.87,-56.08,69.03,1.23
144,Mbandaka,100,CD,1574159111,94,0.05,18.26,75.58,2.24
145,Kongwa,72,TZ,1574159111,33,-6.19,36.41,86.49,10.16
146,Nara,40,JP,1574159006,46,34.68,135.8,53.6,10.29
147,Bambous Virieux,40,MU,1574159111,70,-20.34,57.76,84.2,8.05
148,Shieli,0,KZ,1574159111,46,44.18,66.74,46.53,12.97
149,Faya,40,SA,1574159111,40,18.39,42.45,75.2,11.41
150,Castelo Branco,100,PT,1574159112,85,39.82,-7.5,42.01,2.3
151,Bella Union,67,CO,1574159112,96,8.5,-73.35,64.45,3.51
152,Chake Chake,71,TZ,1574159112,71,-5.25,39.77,82.76,5.14
153,Kars,0,TR,1574159112,19,40.61,43.1,50.0,3.36
154,Madingou,97,CG,1574159112,82,-4.17,13.56,80.91,2.15
155,Aranda de Duero,44,ES,1574159112,77,41.67,-3.69,36.91,4.59
156,Lapeer,1,US,1574159069,100,43.05,-83.32,32.0,3.42
157,Salalah,40,OM,1574159112,62,17.01,54.1,84.2,8.05
158,Cassilandia,4,BR,1574159112,84,-19.11,-51.73,70.23,3.2
159,Itaituba,39,BR,1574159112,98,-4.26,-55.99,70.63,1.57
160,Bandarbeyla,91,SO,1574159112,80,9.49,50.81,80.62,12.01
161,Cidreira,98,BR,1574159112,81,-30.17,-50.22,69.49,20.38
162,Belmonte,100,PT,1574159112,97,40.36,-7.35,43.0,1.99
163,San Cristobal,71,HN,1574159112,99,14.68,-86.92,59.07,2.35
164,Coquimbo,90,CL,1574159112,87,-29.95,-71.34,59.0,4.7
165,Harper,1,US,1574159112,93,30.3,-99.24,55.0,10.0
166,Santa Isabel do Rio Negro,100,BR,1574159112,97,-0.41,-65.02,73.26,2.39
167,Werda,95,BW,1574159112,28,-25.27,23.28,90.64,15.64
168,Micheweni,68,TZ,1574159112,74,-4.97,39.83,82.35,5.91
169,Martan-Chu,90,RU,1574159113,75,43.06,45.56,46.4,4.47
170,Esna,90,RO,1574159113,93,45.2,27.57,55.4,4.7
171,Phalaborwa,31,ZA,1574159113,54,-23.95,31.14,82.4,10.29
172,Montepuez,100,MZ,1574159113,28,-13.13,39.0,96.94,5.84
173,Oni,0,GE,1574159113,28,42.59,43.44,47.57,4.38
174,Sao Felix do Xingu,100,BR,1574159113,98,-6.64,-51.99,70.32,2.75
175,Kamina,100,CD,1574159113,92,-8.74,25.0,70.18,5.1
176,Anloga,40,GH,1574159113,74,5.79,0.9,86.0,5.82
177,Orbetello,90,IT,1574159113,100,42.44,11.21,55.4,18.34
178,Nola,100,CF,1574159113,44,3.52,16.05,87.76,3.04
179,Hit,0,IQ,1574159113,17,33.64,42.83,66.25,12.08
180,Chuy,0,UY,1574159113,82,-33.69,-53.46,66.04,5.28
181,Oranjemund,31,ZA,1574159113,42,-28.55,16.43,68.29,19.42
182,Gedo,0,ET,1574159113,50,9.01,37.45,74.14,1.16
183,Grand-Santi,2,GF,1574159113,99,4.27,-54.38,70.45,0.92
184,Santiago del Estero,100,AR,1574159113,46,-27.8,-64.26,73.72,7.92
185,Dakar,92,SN,1574159114,83,14.69,-17.45,78.8,16.11
186,Olinda,4,AU,1574159114,82,-37.84,145.39,60.01,10.29
187,Namibe,100,AO,1574159114,76,-15.19,12.15,70.0,12.8
188,Marovoay,20,MG,1574159114,63,-16.11,46.64,91.4,12.75
189,Puerto Concordia,8,CO,1574159114,98,2.62,-72.76,70.2,1.21
190,Edd,40,ER,1574159114,34,13.93,41.69,94.33,7.07
191,Mahanoro,75,MG,1574159114,69,-19.9,48.8,79.84,3.18
192,Pisco,100,PE,1574159114,87,-13.71,-76.2,60.8,3.36
193,Poptun,86,GT,1574159114,97,16.33,-89.42,59.41,1.19
194,Urubicha,26,BO,1574159114,68,-15.63,-63.08,74.14,2.8
195,San Rafael,56,AR,1574159114,60,-34.61,-68.33,62.08,0.27
196,Richards Bay,3,ZA,1574159114,85,-28.77,32.06,71.15,19.35
197,Santa Vitoria do Palmar,0,BR,1574159114,82,-33.52,-53.37,66.04,5.28
198,Busselton,39,AU,1574159115,34,-33.64,115.35,66.99,22.57
199,Tazmalt,40,DZ,1574159115,71,36.39,4.4,55.4,16.11
200,Kasamwa,87,TZ,1574159115,63,-2.84,32.42,81.25,1.57
201,Charlottesville,90,US,1574158865,87,38.03,-78.48,43.0,3.36
202,Puri,100,ID,1574159115,52,-7.54,112.45,86.68,3.98
203,Lydenburg,12,ZA,1574159115,40,-25.1,30.46,82.22,8.95
204,Quchan,72,IR,1574159115,27,37.11,58.51,51.48,5.01
205,Funadhoo,63,MV,1574159115,69,6.15,73.27,83.17,3.53
206,Imbituba,29,BR,1574159092,88,-28.24,-48.67,69.8,8.05
207,Shelburne,90,CA,1574159115,99,44.08,-80.2,35.01,3.22
208,Atar,95,MR,1574159115,38,20.52,-13.05,73.4,9.17
209,Qandala,100,SO,1574159115,65,11.47,49.87,83.61,10.09
210,Surt,0,LY,1574158969,51,31.21,16.59,69.6,10.27
211,Mucurapo,75,TT,1574159115,88,10.67,-61.53,78.01,4.7
212,Bathsheba,40,BB,1574159116,74,13.22,-59.52,82.4,10.29
213,Nova Olimpia,61,BR,1574159116,96,-14.8,-57.29,70.81,3.27
214,Awbari,6,LY,1574159116,25,26.59,12.77,73.33,16.33
215,Presidente Franco,0,PY,1574159116,78,-25.57,-54.62,75.2,10.29
216,Kafanchan,10,NG,1574159116,30,9.58,8.3,87.08,2.06
217,Maua,68,KE,1574159116,70,0.23,37.94,80.46,4.27
218,Laguna,50,BZ,1574159116,93,16.17,-88.94,66.2,2.84
219,Teshie,40,GH,1574159009,79,5.58,-0.11,84.2,8.05
220,Vallenar,0,CL,1574159116,78,-28.58,-70.76,53.01,1.54
221,Koungheul,91,SN,1574159116,19,13.98,-14.8,87.26,11.18
222,Talcahuano,59,CL,1574158997,93,-36.72,-73.12,53.6,4.7
223,Marzuq,100,YE,1574159116,24,14.4,46.47,85.48,9.64
224,Basoko,43,CD,1574159116,53,1.23,23.61,90.43,1.43
225,Leh,27,IN,1574158826,34,34.16,77.58,20.28,1.19
226,Rio Verde de Mato Grosso,13,BR,1574159116,68,-18.92,-54.84,74.41,4.61
227,Mazara del Vallo,20,IT,1574159116,87,37.65,12.59,60.8,6.93
228,Deoria,100,IN,1574159116,31,26.5,83.79,80.42,8.99
229,Ayorou,17,NE,1574159116,10,14.73,0.92,86.61,11.68
230,Port Alfred,56,ZA,1574159116,50,-33.59,26.89,69.57,19.01
231,Hamilton,90,CA,1574159116,100,43.26,-79.87,37.99,5.82
232,Henties Bay,88,NA,1574159116,52,-22.12,14.28,68.02,8.93
233,Abnub,0,EG,1574159117,47,27.27,31.15,77.0,3.36
234,Iquique,16,CL,1574159034,68,-20.22,-70.14,66.2,3.36
235,Salinas,90,US,1574159117,93,36.67,-121.66,57.0,2.13
236,Reading,90,US,1574158868,93,40.34,-75.93,39.99,4.7
237,Jimma,65,ET,1574159117,56,7.67,36.84,75.85,1.7
238,Mmathubudukwane,75,BW,1574159117,57,-24.61,26.43,80.6,6.93
239,Filingue,0,NE,1574159117,14,14.35,3.32,89.85,9.93
240,Port Blair,0,IN,1574159117,72,11.67,92.75,83.05,9.86
241,Touros,75,BR,1574159117,69,-5.2,-35.46,80.6,10.29
242,Chicama,90,PE,1574159117,77,-7.84,-79.15,64.4,2.24
243,Maragogi,100,BR,1574159117,74,-9.01,-35.22,79.48,14.9
244,Mayumba,91,GA,1574159117,85,-3.44,10.65,79.93,7.43
245,Semnan,75,IR,1574159117,53,35.58,53.39,51.8,2.24
246,Kovur,100,IN,1574159117,92,14.5,79.99,75.97,11.21
247,Mbouda,96,CM,1574159117,52,5.63,10.25,78.22,2.8
248,Ponta Delgada,20,PT,1574159117,67,37.73,-25.67,59.0,6.93
249,Rafai,4,CF,1574159117,46,4.95,23.92,92.05,1.72
250,Diamantino,86,BR,1574159117,93,-14.4,-56.44,70.9,4.21
251,Ambilobe,46,MG,1574159117,35,-13.19,49.05,97.93,3.29
252,Grootfontein,4,NA,1574159117,17,-19.56,18.1,91.4,8.05
253,Praia da Vitoria,75,PT,1574159118,77,38.73,-27.07,60.01,13.65
254,Francisco Sa,84,BR,1574159118,100,-16.48,-43.49,68.0,4.21
255,Anuradhapura,100,LK,1574159118,74,8.34,80.41,84.27,7.14
256,Mehriz,90,IR,1574159118,87,31.58,54.44,42.8,6.93
257,Sehithwa,42,BW,1574159118,29,-20.47,22.7,94.86,10.0
258,Farah,100,AF,1574159118,15,32.37,62.11,66.38,2.04
259,Utete,98,TZ,1574159118,36,-7.99,38.76,97.14,4.99
260,Constantine,90,DZ,1574159118,81,36.36,6.61,46.4,5.82
261,Hazorasp,42,UZ,1574159118,21,41.32,61.08,50.0,4.7
262,Barentu,0,ER,1574159118,22,15.11,37.59,90.37,1.97
263,Cefalu,100,IT,1574159118,71,38.04,14.02,59.0,1.99
264,Jalu,0,LY,1574159118,38,29.03,21.55,75.29,13.91
265,Boffa,100,GN,1574159118,74,10.18,-14.04,81.28,2.73
266,Muli,83,CN,1574159118,60,28.08,109.56,48.56,3.04
267,Adwa,0,ET,1574159118,32,14.16,38.9,77.94,4.25
268,Cocobeach,20,GA,1574159118,62,1.01,9.58,87.8,8.05
269,Salto,75,BR,1574159118,77,-23.2,-47.29,75.0,13.87
270,Bermejo,43,AR,1574159118,59,-22.73,-64.34,67.69,2.44
271,Palafrugell,0,ES,1574159118,66,41.92,3.16,55.0,1.12
272,Gazojak,80,TM,1574159118,20,41.19,61.4,52.23,6.13
273,Las Tapias,49,AR,1574159119,48,-31.46,-68.56,71.69,9.1
274,Mindelo,75,PT,1574159119,100,41.31,-8.72,51.01,9.17
275,Pombas,98,BR,1574159119,83,-15.9,-54.74,72.12,1.72
276,Saint Andrews,67,NZ,1574159119,92,-44.53,171.19,53.01,14.0
277,Goure,0,NE,1574159119,14,13.98,10.27,95.0,7.0
278,Tefe,100,BR,1574159119,98,-3.35,-64.71,73.6,2.59
279,Carauari,100,BR,1574159119,96,-4.88,-66.9,74.07,1.57
280,Hobyo,86,SO,1574159119,58,5.35,48.53,88.0,18.28
281,Mogadishu,40,SO,1574158922,62,2.04,45.34,86.0,10.29
282,Nioro,91,GM,1574159119,19,13.79,-15.05,87.26,11.18
283,Puerto Quijarro,20,BO,1574159119,88,-19.0,-57.72,78.8,6.93
284,Paramirim,88,BR,1574159119,92,-13.44,-42.24,64.56,4.7
285,Pitimbu,75,BR,1574159119,74,-7.47,-34.81,80.6,13.87
286,Santa Cruz,91,BR,1574159095,75,-6.22,-36.02,74.64,11.54
287,Maracaibo,100,CO,1574159119,88,3.41,-75.78,62.6,4.7
288,Beira,75,ES,1574159119,87,43.2,-8.36,51.01,10.29
289,Neyshabur,100,IR,1574159119,39,36.21,58.79,53.85,1.54
290,Karakol,4,KG,1574159119,82,42.49,78.39,30.78,2.33
291,Meridian,100,US,1574158957,93,43.61,-116.39,46.0,10.78
292,Gashua,6,NG,1574159120,17,12.87,11.04,92.08,7.96
293,Kadoma,40,JP,1574159120,46,34.73,135.6,54.0,10.29
294,Jacmel,0,HT,1574159120,94,18.24,-72.54,75.2,3.36
295,Dabakala,0,CI,1574159120,66,8.36,-4.43,82.69,2.77
296,Aubenas,90,FR,1574159120,86,44.62,4.39,48.2,12.75
297,Johi,39,PK,1574159120,15,26.69,67.61,83.37,1.5
298,Elbistan,0,TR,1574159120,21,38.2,37.19,51.22,6.46
299,East London,100,ZA,1574159120,56,-33.02,27.91,69.8,19.46
300,The Valley,20,AI,1574158964,88,18.22,-63.06,79.0,3.36
301,Lagdo,65,CM,1574159120,48,9.06,13.67,87.8,3.36
302,Saint-Pierre,75,FR,1574159120,86,48.95,4.24,42.01,3.36
303,Lubango,75,AO,1574159120,30,-14.92,13.49,77.0,11.41
304,Tsaratanana,49,MG,1574159120,43,-16.8,47.65,88.68,7.4
305,Quelimane,40,MZ,1574159120,70,-17.88,36.89,91.4,10.29
306,Bubaque,8,GW,1574159120,54,11.28,-15.83,82.26,8.5
307,Naliya,100,IN,1574159120,29,23.26,68.83,82.76,4.76
308,Lima,90,PE,1574159120,82,-12.06,-77.04,66.2,4.7
309,Khorramabad,20,IR,1574159120,43,33.48,48.35,51.8,9.17
310,Barcelos,96,BR,1574159121,95,-0.97,-62.93,73.09,2.13
311,Marabba,65,SD,1574159121,10,12.35,32.18,91.17,13.51
312,Alta Gracia,45,AR,1574159121,82,-31.66,-64.43,71.01,6.93
313,Mitu,84,IR,1574159121,62,36.2,46.09,34.79,8.48
314,Marsa Matruh,0,EG,1574159121,41,31.35,27.25,75.2,11.41
315,Sechura,77,PE,1574159121,90,-5.56,-80.82,64.18,8.16
316,Palaia Fokaia,40,GR,1574159121,60,37.72,23.95,72.0,3.36
317,Lasa,0,CY,1574159121,33,34.92,32.53,75.2,10.29
318,Morondava,88,MG,1574159121,39,-20.3,44.28,97.72,3.36
319,Wukari,6,NG,1574159121,59,7.87,9.78,87.93,5.21
320,Araouane,100,ML,1574159121,12,18.9,-3.53,69.31,10.13
321,San Matias,11,BO,1574159121,81,-16.36,-58.4,73.98,0.87
322,Van,20,TR,1574159121,28,38.51,43.37,44.6,6.93
323,Thinadhoo,52,MV,1574159121,78,0.53,72.93,82.83,10.87
324,Torbat-e Jam,93,IR,1574159121,23,35.24,60.63,54.81,6.93
325,Antalaha,73,MG,1574159121,76,-14.9,50.28,82.15,9.78
326,Kang,83,BW,1574159121,35,-23.67,22.79,86.49,16.44
327,Kalmunai,100,LK,1574159121,67,7.42,81.82,83.75,6.6
328,Kagoro,10,NG,1574159122,30,9.6,8.38,87.08,2.06
329,Deulgaon Raja,87,IN,1574159122,35,20.02,76.04,86.0,5.82
330,Sinjar,0,SY,1574159122,16,35.59,37.0,63.03,4.85
331,Paravur,40,IN,1574159122,66,10.15,76.23,91.4,10.29
332,Defiance,90,US,1574159122,80,41.28,-84.36,39.2,4.7
333,Mazamari,100,PE,1574159122,89,-11.33,-74.53,59.74,3.96
334,Kruisfontein,43,ZA,1574159122,50,-34.0,24.73,66.15,21.03
335,Panjab,100,AF,1574159122,44,34.38,67.02,35.35,2.68
336,Lucapa,100,AO,1574159122,83,-8.42,20.74,75.81,4.16
337,Pula,75,EC,1574159122,83,-1.95,-79.93,73.4,8.05
338,La Rioja,96,AR,1574159122,59,-29.41,-66.86,67.33,3.96
339,Mao,40,DO,1574159122,100,19.55,-71.08,75.0,4.83
340,Road Town,20,VG,1574159122,83,18.42,-64.62,79.0,7.02
341,Yazman,0,SY,1574159122,18,36.74,38.46,62.2,10.49
342,Atocha,20,AR,1574159122,82,-24.82,-65.48,68.0,1.28
343,Taft,99,PH,1574159122,75,11.9,125.42,82.67,4.18
344,Havelock,90,US,1574159052,93,34.88,-76.9,46.4,6.93
345,Inhambane,40,MZ,1574159123,70,-23.87,35.38,87.8,23.04
346,Sivas,0,TR,1574159123,45,39.75,37.01,48.2,6.93
347,Dedougou,0,BF,1574159123,14,12.47,-3.47,87.33,9.19
348,Marrakesh,75,MA,1574159123,72,31.63,-7.99,59.0,4.7
349,Mundo Novo,0,BR,1574159123,63,-23.94,-54.29,69.22,5.1
350,Adeje,100,NG,1574159123,64,5.68,5.76,87.93,3.18
351,Bilma,0,NE,1574159123,12,18.69,12.92,90.99,8.59
352,Lagoa,100,PT,1574159123,71,37.14,-8.45,57.99,2.24
353,Montalvo,20,ES,1574159123,93,40.62,-5.41,41.0,2.57
354,Omboue,54,GA,1574159123,63,-1.57,9.26,86.77,3.69
355,Calabozo,60,VE,1574159123,93,8.92,-67.43,72.0,2.84
356,Ambovombe,0,MG,1574159123,38,-25.18,46.09,95.31,3.78
357,Pozo Colorado,1,PY,1574159123,55,-23.49,-58.8,73.08,3.2
358,Liverpool,20,GB,1574159123,100,53.41,-2.98,37.99,5.82
359,Kulhudhuffushi,81,MV,1574159123,69,6.62,73.07,83.41,5.3
360,Challapata,58,BO,1574159123,54,-18.9,-66.78,47.08,7.43
361,Kisanga,75,CD,1574159123,74,-11.72,27.4,78.8,4.05
362,Banda Aceh,80,ID,1574159123,70,5.56,95.32,83.53,6.42
363,Rodrigues Alves,100,BR,1574159123,95,-7.74,-72.65,71.46,2.91
364,Sao Gabriel,11,BR,1574158966,63,-30.34,-54.32,63.7,6.24
365,Belfast,100,GB,1574159124,87,54.6,-5.93,48.2,14.99
366,Macau,100,BR,1574159124,71,-5.11,-36.64,80.6,19.62
367,Kozluk,0,TR,1574159124,25,38.17,41.5,60.8,3.36
368,San Carlos de Bariloche,40,AR,1574158854,15,-41.13,-71.31,86.0,5.82
369,La Palma,60,CO,1574159124,98,5.36,-74.39,65.26,1.68
370,Canico,40,PT,1574159124,60,32.63,-16.85,68.0,3.36
371,Saveh,99,IR,1574159124,63,35.02,50.36,46.69,9.4
372,Kaspiysk,20,RU,1574159124,71,42.88,47.64,53.6,6.71
373,Ratnagiri,30,IN,1574159124,48,16.98,73.3,90.86,3.42
374,Kontagora,68,NG,1574159124,30,10.4,5.47,88.97,3.6
375,Kinston,90,US,1574159125,93,35.26,-77.58,46.4,4.76
376,Brigantine,90,US,1574159125,87,39.41,-74.36,44.01,4.94
377,Chibombo,35,ZM,1574159125,38,-14.68,28.09,88.81,5.12
378,Benghazi,0,LY,1574159001,63,32.12,20.07,71.85,18.52
379,Psyzh,0,RU,1574159125,6,44.24,42.02,48.0,5.99
380,Ventersburg,0,ZA,1574159125,24,-28.08,27.14,87.06,15.57
381,Danielskuil,91,ZA,1574159125,11,-28.19,23.54,83.75,12.03
382,Black River,40,JM,1574159125,88,18.03,-77.85,80.01,2.24
383,Santo Tirso,75,PT,1574159125,100,41.34,-8.48,51.01,9.17
384,Bhuj,100,IN,1574159043,26,23.25,69.67,83.75,1.81
385,Meulaboh,30,ID,1574159125,71,4.14,96.13,82.15,7.2
386,Umm Lajj,0,SA,1574159125,25,25.02,37.27,81.64,3.18
387,Caxito,90,BR,1574159125,94,-22.65,-42.51,71.6,10.29
388,Khaniotis,92,GR,1574159125,99,40.0,23.58,66.0,10.18
389,Gualeguaychu,0,AR,1574159125,65,-33.01,-58.51,73.99,4.92
390,Tibati,39,CM,1574159125,31,6.47,12.63,88.02,2.19
391,Alvorada,96,BR,1574159125,88,-30.0,-51.08,71.01,4.7
392,Sompeta,0,IN,1574159125,59,18.93,84.6,81.01,6.89
393,Kindu,74,CD,1574159125,67,-2.95,25.92,82.29,2.95
394,Manacapuru,75,BR,1574159125,94,-3.3,-60.62,77.0,3.36
395,Destin,1,US,1574159107,76,30.39,-86.5,50.0,5.82
396,Benevides,40,BR,1574159126,94,-1.36,-48.25,77.0,2.24
397,Saint-Georges,100,CA,1574159126,79,46.12,-70.67,30.0,1.01
398,Muana,81,BR,1574159126,85,-1.53,-49.22,78.22,7.02
399,Bosaso,20,SO,1574159126,78,11.28,49.18,82.4,18.34
400,Ghanzi,62,BW,1574159126,27,-21.7,21.65,93.09,16.64
401,Bam,100,IR,1574159101,18,29.11,58.36,71.35,6.8
402,Saint-Francois,71,FR,1574159126,91,46.42,3.91,43.0,1.01
403,Nouadhibou,8,MR,1574159126,24,20.93,-17.03,71.6,14.99
404,Fort Oglethorpe,40,US,1574159126,93,34.95,-85.24,44.6,1.01
405,Santa Rosa,5,AR,1574158845,46,-36.62,-64.29,55.44,9.26
406,Uribia,0,CO,1574159126,94,11.71,-72.27,71.06,2.62
407,Kiryas Joel,90,US,1574159126,100,41.34,-74.17,42.01,0.51
408,Santiago de Compostela,75,ES,1574159126,93,42.88,-8.55,51.01,4.7
409,Tabas,70,IR,1574159126,31,33.6,56.92,64.4,4.7
410,Somerset East,88,ZA,1574159126,41,-32.72,25.59,64.02,10.74
411,Ujjain,83,IN,1574159127,42,23.17,75.79,86.0,5.82
412,Bull Savanna,89,JM,1574159127,93,17.89,-77.59,70.63,1.21
413,Tuglui,75,RO,1574159127,93,44.18,23.82,55.99,4.7
414,Uyuni,50,BO,1574159127,55,-20.46,-66.82,47.77,10.8
415,Alenquer,75,BR,1574159127,94,-1.95,-54.74,75.2,2.24
416,Vredendal,0,ZA,1574159127,32,-31.68,18.49,72.1,7.0
417,Rusape,100,ZW,1574159127,37,-18.53,32.12,83.59,9.91
418,Mulchen,39,CL,1574159127,63,-37.72,-72.23,49.19,2.82
419,La Asuncion,99,AR,1574159127,56,-26.05,-65.39,64.36,2.13
420,Sokoni,97,CD,1574159127,72,-12.89,28.78,77.56,3.22
421,Porto Novo,75,BR,1574159127,82,-23.68,-45.44,68.0,3.36
422,Tres Pontas,96,BR,1574159127,94,-21.37,-45.51,65.5,4.88
423,Puerto Ayacucho,86,CO,1574159127,92,5.66,-67.63,71.74,1.5
424,Mitha Tiwana,85,PK,1574159127,15,32.24,72.11,80.31,4.94
425,Guayaramerin,100,BO,1574159127,98,-10.82,-65.36,72.14,1.7
426,Santo Antonio do Ica,100,BR,1574159128,95,-3.1,-67.94,73.29,1.9
427,La Macarena,58,CO,1574159128,99,2.18,-73.79,69.73,1.45
428,Srikakulam,2,IN,1574158993,61,18.29,83.89,82.6,10.71
429,Raisen,23,IN,1574159128,34,23.33,77.78,82.4,4.7
430,Manyana,75,AU,1574159128,72,-35.26,150.51,66.99,11.41
431,Mariel,5,CU,1574159128,100,22.99,-82.75,57.2,5.08
432,Shetpe,22,KZ,1574159128,29,44.14,52.16,47.14,4.5
433,Chillicothe,90,US,1574159128,100,39.33,-82.98,41.0,3.36
434,Nalut,0,LY,1574159128,48,31.86,10.98,60.17,2.55
435,Weligama,100,LK,1574159128,76,5.97,80.42,83.82,8.52
436,Khor,100,RU,1574159128,94,47.88,134.96,8.47,9.84
437,Porto de Moz,100,BR,1574159128,98,-1.75,-52.24,73.98,3.87
438,La Oroya,94,PE,1574159128,86,-11.52,-75.9,37.38,3.98
439,Kasongo-Lunda,100,CD,1574159128,64,-6.48,16.82,79.16,1.5
440,Kantunilkin,20,MX,1574159128,93,21.1,-87.49,60.8,4.7
441,Biltine,37,TD,1574159128,8,14.53,20.93,93.63,12.97
442,Sao Jose da Coroa Grande,100,BR,1574159128,74,-8.9,-35.15,79.48,14.9
443,Presidencia Roque Saenz Pena,0,AR,1574159129,73,-26.79,-60.44,70.5,5.66
444,Maputo,75,MZ,1574159129,55,-25.97,32.57,89.6,18.34
445,Rocha,17,UY,1574159129,92,-34.48,-54.34,64.98,0.22
446,Sal Rei,75,CV,1574159129,73,16.18,-22.92,77.0,20.8
447,Oranjestad,20,AW,1574159129,83,12.52,-70.03,78.8,5.82
448,Comodoro Rivadavia,100,AR,1574159129,45,-45.87,-67.48,62.6,14.99
449,Sikonge,90,TZ,1574159129,88,-5.63,32.75,69.8,9.17
450,Cururupu,23,BR,1574159129,98,-1.82,-44.87,72.63,0.87
451,Opuwo,32,NA,1574159129,9,-18.06,13.84,79.88,7.56
452,Iglesias,40,ES,1574159129,93,42.3,-3.99,39.99,3.36
453,Le Port,0,FR,1574159129,55,42.87,1.37,46.0,1.23
454,Uarini,100,BR,1574159129,99,-2.98,-65.16,73.51,1.95
455,Mundgod,40,IN,1574159129,48,14.97,75.04,86.0,3.36
456,Makueni,85,KE,1574159129,63,-1.8,37.62,77.54,6.87
457,Batticaloa,94,LK,1574159129,64,7.71,81.69,86.22,7.54
458,Miraflores,40,PE,1574159129,43,-16.39,-71.52,55.4,3.36
459,Wilmington,90,US,1574159130,93,39.75,-75.55,42.01,3.36
460,Manthani,0,IN,1574159130,52,18.65,79.67,83.86,4.76
461,Guanica,0,PR,1574159130,79,17.97,-66.91,78.01,3.58
462,Sumbe,75,AO,1574159130,65,-11.2,13.84,86.0,10.29
463,Impfondo,100,CD,1574159130,96,1.62,18.06,73.0,3.69
464,Galle,100,GN,1574159130,78,10.08,-12.83,78.15,0.94
465,Muros,75,ES,1574159130,93,42.77,-9.06,54.0,4.7
466,Buraydah,75,SA,1574159130,100,26.33,43.97,57.2,16.11
467,Ongandjera,46,NA,1574159130,11,-17.88,15.07,79.92,3.85
468,Chazuta,100,PE,1574159130,85,-6.57,-76.13,71.31,3.13
469,Bara,0,NG,1574159130,21,10.41,10.6,91.69,1.66
470,Gat,94,SN,1574159130,39,14.69,-16.54,82.4,4.7
471,Balkanabat,41,TM,1574159130,22,39.51,54.36,53.26,4.68
472,Geraldton,90,CA,1574159130,98,49.72,-86.95,32.0,4.7
473,Balsas,83,BR,1574159130,82,-7.53,-46.04,74.37,1.88
474,Upata,9,VE,1574159130,96,8.02,-62.41,70.12,3.56
475,Mikhaylovka,2,RU,1574159130,82,52.96,103.29,8.4,5.06
476,Nurobod,94,UZ,1574159130,43,40.91,69.8,55.4,4.7
477,Baherden,14,TM,1574159130,20,38.44,57.43,56.84,5.01
478,Halifax,90,CA,1574159128,100,44.65,-63.58,42.01,14.99
479,Manavalakurichi,75,IN,1574159131,79,8.13,77.3,84.2,5.82
480,Narasannapeta,2,IN,1574159131,61,18.42,84.04,82.6,10.71
481,Beruwala,83,LK,1574159131,68,6.48,79.98,85.05,7.7
482,Shahr-e Babak,100,IR,1574159131,54,30.12,55.12,57.7,16.46
483,Zanjan,90,IR,1574159131,90,36.67,48.48,32.0,6.93
484,Sao Paulo de Olivenca,100,BR,1574159131,97,-3.38,-68.87,73.15,1.66
485,Virginia Beach,90,US,1574159070,100,36.85,-75.98,46.99,3.36
486,Punto Fijo,39,VE,1574159131,75,11.69,-70.21,78.24,5.19
487,Horizonte,75,BR,1574159131,78,-4.1,-38.5,86.0,18.34
488,Gaur,78,NP,1574159131,37,26.77,85.27,80.22,5.39
489,Contamana,100,PE,1574159131,84,-7.35,-75.01,72.57,2.3
490,Kaabong,69,UG,1574159131,37,3.51,34.14,81.63,14.03
491,Cap Malheureux,40,MU,1574159131,70,-19.98,57.61,84.2,8.05
492,Mahibadhoo,50,MV,1574159131,71,3.78,72.97,83.23,5.66
493,Balotra,100,IN,1574159131,33,25.83,72.24,81.54,2.35
494,Cabedelo,75,BR,1574159131,74,-6.97,-34.84,80.6,13.87
495,Vondrozo,66,MG,1574159131,63,-22.82,47.32,88.2,4.32
496,Quime,57,BO,1574159131,89,-16.98,-67.22,48.11,0.83
497,Jutai,78,BR,1574159131,98,-1.71,-47.89,72.19,2.44
498,Remanso,0,BR,1574159131,74,-9.62,-42.08,72.77,12.84
499,Savannah Bight,44,HN,1574159131,63,16.45,-85.85,79.07,11.61
500,Gamba,0,CN,1574159132,19,28.28,88.52,34.7,4.41
501,Tabou,98,CI,1574159132,82,4.42,-7.36,82.18,1.61
502,Nisia Floresta,75,BR,1574159132,69,-6.09,-35.21,80.6,10.29
503,Santa Lucia,40,IT,1574159132,72,41.98,12.66,63.0,12.75
504,Alghero,40,IT,1574159132,67,40.56,8.32,57.2,9.17
505,Clearwater,75,US,1574158993,100,27.97,-82.8,66.99,15.61
506,Los Llanos de Aridane,20,ES,1574159132,60,28.66,-17.92,69.8,4.7
507,Maxixe,40,MZ,1574159132,70,-23.86,35.35,87.8,23.04
508,Ugoofaaru,1,MV,1574159132,69,5.67,73.0,83.41,4.36
509,Necochea,0,AR,1574159132,97,-38.55,-58.74,57.0,4.61
510,Freeport,95,BS,1574159132,61,26.54,-78.7,72.84,12.8
511,Nassau,75,AT,1574159132,87,46.81,15.34,52.0,2.24
512,Cockburn Town,33,TC,1574158833,75,21.46,-71.14,81.19,11.27
513,Oudtshoorn,1,ZA,1574159132,55,-33.59,22.2,66.2,14.99
514,Lamu,92,CN,1574159132,31,35.77,102.37,31.82,5.79
515,Ankara,0,TR,1574159006,66,39.92,32.85,55.4,5.82
516,Valparaiso,90,US,1574159053,74,41.47,-87.06,37.99,3.36
517,Nantucket,90,US,1574159132,87,41.28,-70.1,45.0,6.93
518,Puerto Rico,87,CO,1574159132,97,1.91,-75.15,67.66,2.08
519,Denia,0,ES,1574159132,44,38.84,0.11,55.99,5.99
520,Carahue,100,CL,1574159133,93,-38.71,-73.16,44.6,2.24
521,Marienburg,75,DE,1574159133,87,52.12,9.98,45.0,10.29
522,Karagach,20,RU,1574159133,75,43.81,43.77,41.0,4.47
523,Jilib,23,SO,1574159133,45,0.49,42.79,94.62,9.66
524,Phalodi,41,IN,1574159133,29,27.13,72.36,78.89,0.38
525,Varkkallai,75,IN,1574159133,79,8.73,76.71,84.2,5.82
526,Isiro,10,CD,1574159133,88,2.77,27.62,79.75,1.72
527,Ipu,54,BR,1574159133,78,-4.32,-40.71,74.1,0.4
528,Nurota,71,UZ,1574159133,26,40.56,65.69,59.0,6.93
529,Tiznit,11,MA,1574159133,73,29.7,-9.73,55.06,4.21
530,Oliveira dos Brejinhos,72,BR,1574159133,76,-12.32,-42.89,69.62,6.55
531,Irpa Irpa,20,BO,1574159133,54,-17.72,-66.29,57.2,4.7
532,Gilgit,68,PK,1574159133,52,35.92,74.31,26.24,1.74
533,Pimenteiras,75,BR,1574159133,72,-6.24,-41.42,74.71,2.57
534,Lucea,40,JM,1574159133,88,18.44,-78.17,80.01,2.24
535,Mafeteng,40,LS,1574159134,16,-29.82,27.24,84.2,17.22
536,Lagos,40,NG,1574158894,79,6.46,3.39,86.0,4.7
537,Khorixas,29,NA,1574159134,16,-20.37,14.96,79.5,5.03
538,Vrede,89,ZA,1574159134,35,-27.43,29.16,79.41,13.33
539,Almunecar,100,ES,1574159106,75,36.73,-3.69,60.01,3.36
540,Palmares do Sul,100,BR,1574159134,80,-30.26,-50.51,67.71,11.63
541,Artyom,100,RU,1574159134,51,43.36,132.19,14.0,4.47
542,Amalapuram,20,IN,1574159134,74,16.58,82.0,87.8,8.05
543,Chalchuapa,19,SV,1574159134,94,13.99,-89.68,60.73,2.71
544,Katete,67,UG,1574159134,50,-0.78,29.75,75.31,5.77
545,Kayseri,0,TR,1574159134,40,38.73,35.48,53.6,1.12
546,Maues,87,BR,1574159134,98,-3.38,-57.72,71.51,1.81
547,Santa Maria,90,BR,1574159134,88,-16.02,-48.01,69.8,6.93
548,Riyadh,90,SA,1574158934,93,24.63,46.72,59.0,11.41
549,Sao Raimundo das Mangabeiras,100,BR,1574159134,85,-7.02,-45.48,73.99,0.56
550,Erie,90,US,1574159038,80,42.13,-80.09,34.0,3.36
551,De Aar,0,ZA,1574159134,7,-30.65,24.01,78.71,14.27
552,Puerto El Triunfo,5,SV,1574159134,69,13.27,-88.55,73.4,6.93
553,Cauquenes,32,CL,1574159134,53,-35.97,-72.32,54.46,3.83
554,Hoima,0,UG,1574159134,69,1.43,31.35,80.28,2.17
555,Mahon,20,IE,1574159135,87,51.89,-8.4,46.0,8.05
556,Malabo,0,CD,1574159135,67,1.56,30.43,78.33,2.91
557,Taywarah,94,AF,1574159135,20,33.35,64.42,46.63,4.23
558,Darnah,0,LY,1574159135,75,32.77,22.64,70.88,14.54
559,Am Timan,53,TD,1574159135,13,11.04,20.28,93.18,7.11
560,Tamboril,94,BR,1574158984,77,-4.83,-40.32,74.23,3.36
561,Benguela,40,AO,1574159135,69,-12.58,13.4,82.4,11.41
562,Caetite,98,BR,1574159135,88,-14.07,-42.48,63.84,12.08
563,Pemba,75,MZ,1574159135,74,-12.97,40.52,87.8,13.87
564,Hillsborough,1,US,1574159135,81,37.57,-122.38,60.01,15.19
565,Xanlar,20,AZ,1574159135,49,40.56,46.33,55.4,4.7
566,Santa Rita,75,BR,1574159135,74,-7.13,-34.98,80.6,13.87
567,Paita,66,PE,1574159135,92,-5.09,-81.11,62.11,6.96
568,Beberibe,75,BR,1574159135,78,-4.18,-38.13,86.0,18.34
569,Oxapampa,91,PE,1574159135,91,-10.58,-75.4,48.69,5.01
570,Mizdah,0,LY,1574159136,69,31.45,12.98,58.21,10.09
571,Pesaro,75,IT,1574159136,76,43.91,12.91,59.0,2.24
572,Nizwa,0,OM,1574159136,42,22.93,57.53,76.15,6.98
573,Tarauaca,100,BR,1574159136,97,-8.16,-70.77,72.57,0.63
574,Toccoa,90,US,1574159136,93,34.58,-83.33,48.0,3.29
575,Onda,0,ES,1574159136,50,39.96,-0.26,57.2,6.93
576,Mananjary,18,MG,1574159136,53,-19.16,46.8,79.75,4.83
577,Marawi,100,PH,1574159136,81,8.0,124.29,82.99,3.0
578,Jojoima,100,SL,1574159136,89,7.88,-10.79,78.15,0.27
579,San Ramon,100,NI,1574159136,96,12.92,-85.84,61.54,3.74
580,Bhadasar,0,IN,1574159136,24,28.3,74.31,80.28,7.27
581,Puerto Carreno,100,CO,1574159136,87,6.19,-67.49,75.25,2.35
582,Beloha,0,MG,1574159136,37,-25.17,45.06,94.69,0.38
583,Inirida,92,CO,1574159136,89,3.87,-67.92,72.77,2.64
584,Dhidhdhoo,89,MV,1574159136,73,6.88,73.1,82.85,5.99
585,Syracuse,90,US,1574159136,91,43.05,-76.15,35.6,3.91
586,Olot,0,ES,1574159136,66,42.18,2.49,55.0,1.12
587,Arroyo,75,BO,1574159136,100,-11.08,-66.08,73.4,2.06
588,Viedma,99,AR,1574159137,51,-40.81,-62.99,56.05,12.35
589,Okitipupa,100,NG,1574159137,63,6.5,4.78,88.36,2.62
590,Soyo,20,AO,1574159137,70,-6.13,12.37,86.0,9.17
591,Carnarvon,51,ZA,1574159137,16,-30.97,22.13,70.99,6.11
592,Cordoba,100,AR,1574159137,44,-27.78,-67.24,78.31,3.15
593,Kodinar,100,IN,1574159137,25,20.79,70.7,89.64,2.93
594,Oia,90,ES,1574159137,93,42.0,-8.88,57.0,8.05
595,Benjamin Constant,75,BR,1574159137,100,-4.38,-70.03,77.0,3.36
596,Careiro da Varzea,75,BR,1574159137,94,-3.2,-59.81,78.8,2.24
597,Coaraci,40,BR,1574159053,94,-14.64,-39.55,75.2,3.36
598,Ajdabiya,0,LY,1574159137,36,30.75,20.22,72.77,15.39
599,Bernalda,75,IT,1574159137,82,40.41,16.69,66.0,2.24
600,Niquelandia,91,BR,1574159137,91,-14.47,-48.46,68.04,2.01
601,Ottawa,90,CA,1574158954,79,45.42,-75.69,28.0,2.98
602,Puerto Colombia,20,CO,1574159137,88,10.99,-74.96,78.8,5.82
603,Taltal,2,CL,1574159138,92,-25.41,-70.49,53.94,4.83
604,Mayahi,0,NE,1574159138,15,13.95,7.67,92.14,10.25
605,Tessalit,99,ML,1574159138,17,20.2,1.01,69.4,9.64
606,Mlimba,100,TZ,1574159138,33,-8.78,35.81,97.88,4.07
607,Apac,1,UG,1574159138,61,1.98,32.53,83.07,2.1
608,Dwarka,0,IN,1574159138,44,28.58,77.04,78.8,6.93
609,Mauguio,100,FR,1574159138,62,43.62,4.01,52.0,2.24
610,Marondera,75,ZW,1574159138,45,-18.19,31.55,84.2,11.41
611,Grand Gaube,40,MU,1574159138,70,-20.01,57.66,84.2,8.05
612,Angoche,100,MZ,1574159138,52,-16.23,39.91,92.23,7.85
613,Mecca,0,SA,1574159138,45,21.43,39.83,82.69,5.37
614,Summerville,1,US,1574159138,93,33.02,-80.17,52.0,3.36
615,Trairi,76,BR,1574159138,84,-3.28,-39.27,75.54,7.72
616,Trelew,28,AR,1574158898,38,-43.25,-65.31,58.68,9.22
617,Manakara,23,MG,1574159138,60,-22.14,48.01,87.1,7.94
618,Male,100,UA,1574159138,84,50.74,33.7,38.57,6.13
619,Akonolinga,92,CM,1574159138,57,3.77,12.24,81.93,2.57
620,Chadiza,56,ZM,1574159138,31,-14.06,32.43,91.94,7.99
621,Conde,7,BR,1574159072,72,-11.81,-37.61,78.91,13.76
622,Umtata,75,ZA,1574159138,63,-31.59,28.78,64.4,4.7
623,Manta,0,RO,1574159138,64,45.1,24.1,55.67,1.54
624,Korem,29,ET,1574159139,60,12.51,39.52,65.98,7.58
625,Calbuco,100,CL,1574159139,100,-41.77,-73.13,50.0,9.17
626,Kinkala,40,CG,1574159139,78,-4.35,14.75,82.4,2.24
627,Rambha,0,IN,1574159139,50,19.52,85.09,83.8,8.32
628,Huntington,90,US,1574159139,86,40.87,-73.43,44.01,3.36
629,Kattivakkam,75,IN,1574159139,88,13.22,80.32,84.0,2.24
630,Mumford,11,GH,1574159139,75,5.26,-0.76,83.21,3.22
631,Minas Novas,59,BR,1574159139,95,-17.22,-42.59,68.13,1.72
632,Ushtobe,95,KZ,1574159139,35,45.25,77.98,53.2,11.56
633,Mitsamiouli,20,KM,1574159139,49,-11.38,43.28,93.2,14.99
634,Robertsport,100,LR,1574159139,77,6.75,-11.37,81.86,5.21
635,Caraballeda,40,VE,1574159139,83,10.61,-66.85,78.8,1.92
636,Lichtenburg,57,ZA,1574159139,51,-26.15,26.16,77.76,17.02
637,Goya,100,AR,1574159139,78,-29.14,-59.27,68.14,5.86
638,Clemson,90,US,1574159139,100,34.69,-82.84,48.2,2.71
639,Srivardhan,66,IN,1574159139,49,18.03,73.02,88.18,4.16
640,Esperanza,100,AR,1574159139,84,-31.45,-60.93,72.0,1.99
641,Saint Simons,1,US,1574159140,76,31.14,-81.39,51.8,4.7
642,Requena,0,ES,1574159140,55,39.49,-1.1,53.6,5.82
643,Masuguru,100,MZ,1574159140,28,-11.38,38.46,99.34,5.97
644,Charlestown,90,US,1574159140,86,41.38,-71.64,42.8,3.36
645,Gulbarga,0,IN,1574159140,48,17.33,76.83,84.13,4.27
646,Amapa,40,HN,1574159140,94,15.09,-87.97,68.0,2.24
647,Shache,0,CN,1574159140,15,38.42,77.24,55.33,6.38
648,Jumla,0,NP,1574159140,12,29.28,82.18,59.23,6.53
649,Tchollire,63,CM,1574159140,25,8.4,14.17,95.95,1.77
650,Magole,75,TZ,1574159030,66,-6.37,37.37,84.2,11.41
651,Iracoubo,32,GF,1574159140,80,5.48,-53.21,82.13,16.71
652,Gasa,82,BT,1574159140,76,27.91,89.73,30.22,9.1
653,Mongo,100,CD,1574159140,76,-5.62,14.6,81.93,2.59
654,Oussouye,65,SN,1574159140,51,12.49,-16.54,84.2,9.17
655,Najran,40,SA,1574159140,19,17.54,44.22,91.4,9.73
656,Alcudia,17,ES,1574159140,71,39.85,3.12,55.99,3.36
657,Baranain,20,ES,1574159141,81,42.81,-1.68,50.0,3.36
658,Cacequi,0,BR,1574159141,80,-29.88,-54.83,62.58,5.82
659,Reconquista,100,AR,1574159141,78,-29.14,-59.64,68.14,5.86
660,Tabuk,100,PH,1574159141,92,17.41,121.44,74.03,4.34
661,San Juan,49,AR,1574159141,48,-31.54,-68.53,71.69,9.1
662,Monrovia,100,LR,1574159141,81,6.33,-10.8,80.8,3.58
663,Terre Haute,1,US,1574159141,79,39.47,-87.41,36.0,3.36
664,Bonthe,16,SL,1574159141,74,7.53,-12.5,82.33,3.56
665,Tunceli,0,TR,1574159141,35,39.11,39.55,57.2,3.36
666,Ouadda,0,CF,1574159141,23,8.07,22.4,88.32,7.58
667,Aljezur,100,PT,1574159141,65,37.31,-8.8,57.99,8.01
668,Baikunthpur,0,IN,1574159141,32,23.26,82.56,78.93,4.21
